{
  "eval_loss": 1.0393812656402588,
  "eval_accuracy": 0.7,
  "eval_precision_macro": 0.7222222222222222,
  "eval_recall_macro": 0.6666666666666666,
  "eval_f1_macro": 0.6666666666666666,
  "eval_runtime": 0.3685,
  "eval_samples_per_second": 27.139,
  "eval_steps_per_second": 8.142,
  "epoch": 6.0
}